-- MySQL dump 10.13  Distrib 8.0.26, for Win64 (x86_64)
--
-- Host: localhost    Database: pet_toy_store_data
-- ------------------------------------------------------
-- Server version	8.0.26

/*!40101 SET @OLD_CHARACTER_SET_CLIENT=@@CHARACTER_SET_CLIENT */;
/*!40101 SET @OLD_CHARACTER_SET_RESULTS=@@CHARACTER_SET_RESULTS */;
/*!40101 SET @OLD_COLLATION_CONNECTION=@@COLLATION_CONNECTION */;
/*!50503 SET NAMES utf8 */;
/*!40103 SET @OLD_TIME_ZONE=@@TIME_ZONE */;
/*!40103 SET TIME_ZONE='+00:00' */;
/*!40014 SET @OLD_UNIQUE_CHECKS=@@UNIQUE_CHECKS, UNIQUE_CHECKS=0 */;
/*!40014 SET @OLD_FOREIGN_KEY_CHECKS=@@FOREIGN_KEY_CHECKS, FOREIGN_KEY_CHECKS=0 */;
/*!40101 SET @OLD_SQL_MODE=@@SQL_MODE, SQL_MODE='NO_AUTO_VALUE_ON_ZERO' */;
/*!40111 SET @OLD_SQL_NOTES=@@SQL_NOTES, SQL_NOTES=0 */;

--
-- Table structure for table `breeds`
--

DROP TABLE IF EXISTS `breeds`;
/*!40101 SET @saved_cs_client     = @@character_set_client */;
/*!50503 SET character_set_client = utf8mb4 */;
CREATE TABLE `breeds` (
  `breedID` int NOT NULL AUTO_INCREMENT,
  `description` varchar(45) DEFAULT NULL,
  PRIMARY KEY (`breedID`)
) ENGINE=InnoDB AUTO_INCREMENT=6 DEFAULT CHARSET=utf8mb4 COLLATE=utf8mb4_0900_ai_ci;
/*!40101 SET character_set_client = @saved_cs_client */;

--
-- Dumping data for table `breeds`
--

LOCK TABLES `breeds` WRITE;
/*!40000 ALTER TABLE `breeds` DISABLE KEYS */;
INSERT INTO `breeds` VALUES (1,'Labrador'),(2,'Chihuahua'),(3,'Spitz'),(4,'Malinois'),(5,'new');
/*!40000 ALTER TABLE `breeds` ENABLE KEYS */;
UNLOCK TABLES;

--
-- Table structure for table `customers`
--

DROP TABLE IF EXISTS `customers`;
/*!40101 SET @saved_cs_client     = @@character_set_client */;
/*!50503 SET character_set_client = utf8mb4 */;
CREATE TABLE `customers` (
  `customer_ID` int NOT NULL AUTO_INCREMENT,
  `first_name` varchar(45) DEFAULT NULL,
  `last_name` varchar(45) DEFAULT NULL,
  `address` varchar(45) DEFAULT NULL,
  PRIMARY KEY (`customer_ID`)
) ENGINE=InnoDB AUTO_INCREMENT=5 DEFAULT CHARSET=utf8mb4 COLLATE=utf8mb4_0900_ai_ci;
/*!40101 SET character_set_client = @saved_cs_client */;

--
-- Dumping data for table `customers`
--

LOCK TABLES `customers` WRITE;
/*!40000 ALTER TABLE `customers` DISABLE KEYS */;
INSERT INTO `customers` VALUES (1,'Bob','Dole','A House'),(2,'John','Doe','A Bridge'),(3,'Space','Mann','Rocket'),(4,'aaaa','bb','c');
/*!40000 ALTER TABLE `customers` ENABLE KEYS */;
UNLOCK TABLES;

--
-- Table structure for table `dogs`
--

DROP TABLE IF EXISTS `dogs`;
/*!40101 SET @saved_cs_client     = @@character_set_client */;
/*!50503 SET character_set_client = utf8mb4 */;
CREATE TABLE `dogs` (
  `petID` int NOT NULL AUTO_INCREMENT,
  `customerID` int DEFAULT NULL,
  `name` varchar(45) DEFAULT NULL,
  `breedID` int DEFAULT NULL,
  PRIMARY KEY (`petID`),
  KEY `customerID_idx` (`customerID`),
  KEY `breedID_idx` (`breedID`),
  CONSTRAINT `breedID` FOREIGN KEY (`breedID`) REFERENCES `breeds` (`breedID`),
  CONSTRAINT `customerID` FOREIGN KEY (`customerID`) REFERENCES `customers` (`customer_ID`)
) ENGINE=InnoDB AUTO_INCREMENT=5 DEFAULT CHARSET=utf8mb4 COLLATE=utf8mb4_0900_ai_ci;
/*!40101 SET character_set_client = @saved_cs_client */;

--
-- Dumping data for table `dogs`
--

LOCK TABLES `dogs` WRITE;
/*!40000 ALTER TABLE `dogs` DISABLE KEYS */;
INSERT INTO `dogs` VALUES (1,1,'Ben',1),(2,1,'Dogg',3),(3,2,'3-Dog',2),(4,3,'4-Dog',4);
/*!40000 ALTER TABLE `dogs` ENABLE KEYS */;
UNLOCK TABLES;

--
-- Table structure for table `line_items`
--

DROP TABLE IF EXISTS `line_items`;
/*!40101 SET @saved_cs_client     = @@character_set_client */;
/*!50503 SET character_set_client = utf8mb4 */;
CREATE TABLE `line_items` (
  `order_id` int DEFAULT NULL,
  `toy_id` int DEFAULT NULL,
  `quantity` int DEFAULT NULL,
  KEY `order_id_idx` (`order_id`),
  KEY `toy_id_idx` (`toy_id`),
  CONSTRAINT `order_id` FOREIGN KEY (`order_id`) REFERENCES `orders` (`orderID`),
  CONSTRAINT `toy_id` FOREIGN KEY (`toy_id`) REFERENCES `toys` (`toy_ID`)
) ENGINE=InnoDB DEFAULT CHARSET=utf8mb4 COLLATE=utf8mb4_0900_ai_ci;
/*!40101 SET character_set_client = @saved_cs_client */;

--
-- Dumping data for table `line_items`
--

LOCK TABLES `line_items` WRITE;
/*!40000 ALTER TABLE `line_items` DISABLE KEYS */;
INSERT INTO `line_items` VALUES (1,1,3),(2,2,2),(3,1,1),(4,3,1);
/*!40000 ALTER TABLE `line_items` ENABLE KEYS */;
UNLOCK TABLES;

--
-- Table structure for table `orders`
--

DROP TABLE IF EXISTS `orders`;
/*!40101 SET @saved_cs_client     = @@character_set_client */;
/*!50503 SET character_set_client = utf8mb4 */;
CREATE TABLE `orders` (
  `orderID` int NOT NULL AUTO_INCREMENT,
  `custID` int DEFAULT NULL,
  `toyID` int DEFAULT NULL,
  `quantity` int DEFAULT NULL,
  `total` decimal(10,0) DEFAULT NULL,
  PRIMARY KEY (`orderID`),
  KEY `toyID_idx` (`toyID`),
  KEY `custID_idx` (`custID`),
  CONSTRAINT `custID` FOREIGN KEY (`custID`) REFERENCES `customers` (`customer_ID`),
  CONSTRAINT `toyID` FOREIGN KEY (`toyID`) REFERENCES `toys` (`toy_ID`)
) ENGINE=InnoDB AUTO_INCREMENT=5 DEFAULT CHARSET=utf8mb4 COLLATE=utf8mb4_0900_ai_ci;
/*!40101 SET character_set_client = @saved_cs_client */;

--
-- Dumping data for table `orders`
--

LOCK TABLES `orders` WRITE;
/*!40000 ALTER TABLE `orders` DISABLE KEYS */;
INSERT INTO `orders` VALUES (1,1,1,3,9),(2,1,2,2,4),(3,2,1,1,3),(4,3,3,1,5);
/*!40000 ALTER TABLE `orders` ENABLE KEYS */;
UNLOCK TABLES;

--
-- Table structure for table `toys`
--

DROP TABLE IF EXISTS `toys`;
/*!40101 SET @saved_cs_client     = @@character_set_client */;
/*!50503 SET character_set_client = utf8mb4 */;
CREATE TABLE `toys` (
  `toy_ID` int NOT NULL AUTO_INCREMENT,
  `description` varchar(45) DEFAULT NULL,
  `price` int DEFAULT NULL,
  PRIMARY KEY (`toy_ID`)
) ENGINE=InnoDB AUTO_INCREMENT=5 DEFAULT CHARSET=utf8mb4 COLLATE=utf8mb4_0900_ai_ci;
/*!40101 SET character_set_client = @saved_cs_client */;

--
-- Dumping data for table `toys`
--

LOCK TABLES `toys` WRITE;
/*!40000 ALTER TABLE `toys` DISABLE KEYS */;
INSERT INTO `toys` VALUES (1,'Frisbee',3),(2,'Ball',2),(3,'Cat',5),(4,'Rope',2);
/*!40000 ALTER TABLE `toys` ENABLE KEYS */;
UNLOCK TABLES;
/*!40103 SET TIME_ZONE=@OLD_TIME_ZONE */;

/*!40101 SET SQL_MODE=@OLD_SQL_MODE */;
/*!40014 SET FOREIGN_KEY_CHECKS=@OLD_FOREIGN_KEY_CHECKS */;
/*!40014 SET UNIQUE_CHECKS=@OLD_UNIQUE_CHECKS */;
/*!40101 SET CHARACTER_SET_CLIENT=@OLD_CHARACTER_SET_CLIENT */;
/*!40101 SET CHARACTER_SET_RESULTS=@OLD_CHARACTER_SET_RESULTS */;
/*!40101 SET COLLATION_CONNECTION=@OLD_COLLATION_CONNECTION */;
/*!40111 SET SQL_NOTES=@OLD_SQL_NOTES */;

-- Dump completed on 2021-11-27 21:11:29
